MachineID,N_Samples,TotalScore_Mean,TotalScore_SD,Aroma_Mean,Flavor_Mean,Aftertaste_Mean,Acidity_Mean,Body_Mean,Balance_Mean,Specialty_Pct,Commercial_Pct
ROASTER_01,1500,44.21673333333334,1.3887918337151246,7.710453333333334,7.081180000000001,7.542993333333333,7.41182,7.432286666666667,7.038,0.5333333333333333,5.133333333333334
ROASTER_02,1500,44.03494666666668,1.43865247521834,7.496806666666667,7.361133333333334,7.119453333333333,7.192073333333334,7.685300000000001,7.18018,0.2,7.333333333333333
ROASTER_03,1500,43.73988666666667,1.3043592127143315,7.898540000000001,7.138653333333333,6.99436,7.162166666666667,7.334953333333334,7.211213333333333,0.0,8.933333333333334
ROASTER_04,1500,43.69828000000001,1.3645122831182284,7.05828,7.527526666666668,6.991353333333333,6.974220000000001,7.321093333333333,7.825806666666666,0.0,10.733333333333334
